product_sk,product_code,category_id,valid_from,valid_to
1001,P100005,C03,2019-04-01,9999-12-31
1002,P100007,C08,2019-04-01,9999-12-31
1003,P100019,C01,2019-04-01,9999-12-31
1004,P100026,C05,2019-04-01,9999-12-31
1005,P100033,C05,2019-04-01,9999-12-31
1006,P100035,C09,2019-04-01,9999-12-31
1007,P100044,C09,2019-04-01,9999-12-31
1008,P100049,C01,2019-04-01,9999-12-31
1009,P100057,C10,2019-04-01,9999-12-31
1010,P100066,C03,2019-04-01,9999-12-31
1011,P100074,C06,2019-04-01,9999-12-31
1012,P100077,C06,2019-04-01,9999-12-31
1013,P100086,C02,2019-04-01,9999-12-31
1014,P100095,C11,2019-04-01,9999-12-31
1015,P100100,C10,2019-04-01,9999-12-31
1016,P100106,C03,2019-04-01,9999-12-31
1017,P100112,C01,2019-04-01,9999-12-31
1018,P100121,C11,2019-04-01,9999-12-31
1019,P100131,C09,2019-04-01,9999-12-31
1020,P100135,C06,2019-04-01,9999-12-31
1021,P100140,C13,2019-04-01,9999-12-31
1022,P100150,C06,2019-04-01,9999-12-31
1023,P100156,C04,2019-04-01,9999-12-31
1024,P100164,C07,2019-04-01,9999-12-31
1025,P100172,C11,2019-04-01,9999-12-31
1026,P100178,C08,2019-04-01,9999-12-31
1027,P100183,C09,2019-04-01,9999-12-31
1028,P100194,C13,2019-04-01,9999-12-31
1029,P100198,C05,2019-04-01,9999-12-31
1030,P100203,C06,2019-04-01,9999-12-31
1031,P100210,C09,2019-04-01,9999-12-31
1032,P100221,C09,2019-04-01,9999-12-31
1033,P100224,C02,2019-04-01,9999-12-31
1034,P100233,C11,2019-04-01,9999-12-31
1035,P100239,C09,2019-04-01,9999-12-31
1036,P100250,C02,2019-04-01,9999-12-31
1037,P100255,C05,2019-04-01,9999-12-31
1038,P100260,C04,2019-04-01,9999-12-31
1039,P100268,C11,2019-04-01,9999-12-31
1040,P100276,C05,2019-04-01,9999-12-31
1041,P100281,C02,2019-04-01,9999-12-31
1042,P100287,C09,2019-04-01,9999-12-31
1043,P100298,C02,2019-04-01,9999-12-31
1044,P100305,C04,2019-04-01,9999-12-31
1045,P100308,C09,2019-04-01,9999-12-31
1046,P100319,C11,2019-04-01,9999-12-31
1047,P100326,C01,2019-04-01,9999-12-31
1048,P100330,C02,2019-04-01,9999-12-31
1049,P100339,C13,2019-04-01,9999-12-31
1050,P100348,C02,2019-04-01,9999-12-31
1051,P100354,C09,2019-04-01,9999-12-31
1052,P100362,C04,2019-04-01,9999-12-31
1053,P100367,C07,2019-04-01,9999-12-31
1054,P100375,C06,2019-04-01,9999-12-31
1055,P100380,C14,2019-04-01,9999-12-31
1056,P100387,C11,2019-04-01,9999-12-31
1057,P100394,C10,2019-04-01,9999-12-31
1058,P100403,C14,2019-04-01,9999-12-31
1059,P100406,C02,2019-04-01,9999-12-31
1060,P100418,C12,2019-04-01,9999-12-31
1061,P100421,C12,2019-04-01,9999-12-31
1062,P100428,C12,2019-04-01,9999-12-31
1063,P100438,C06,2019-04-01,9999-12-31
1064,P100441,C10,2019-04-01,9999-12-31
1065,P100453,C14,2019-04-01,9999-12-31
1066,P100456,C05,2019-04-01,9999-12-31
1067,P100463,C14,2019-04-01,9999-12-31
1068,P100469,C06,2019-04-01,9999-12-31
1069,P100479,C09,2019-04-01,9999-12-31
1070,P100483,C04,2019-04-01,9999-12-31
1071,P100494,C08,2019-04-01,9999-12-31
1072,P100499,C14,2019-04-01,9999-12-31
1073,P100509,C05,2019-04-01,9999-12-31
1074,P100511,C10,2019-04-01,9999-12-31
1075,P100519,C09,2019-04-01,9999-12-31
1076,P100528,C04,2019-04-01,9999-12-31
1077,P100536,C03,2019-04-01,9999-12-31
1078,P100543,C12,2019-04-01,9999-12-31
1079,P100549,C10,2019-04-01,9999-12-31
1080,P100555,C03,2019-04-01,9999-12-31
1081,P100560,C10,2019-04-01,9999-12-31
1082,P100571,C13,2019-04-01,9999-12-31
1083,P100577,C07,2019-04-01,9999-12-31
1084,P100582,C08,2019-04-01,9999-12-31
1085,P100593,C11,2019-04-01,9999-12-31
1086,P100595,C14,2019-04-01,9999-12-31
1087,P100604,C12,2019-04-01,9999-12-31
1088,P100609,C14,2019-04-01,9999-12-31
1089,P100621,C06,2019-04-01,2024-05-31
1090,P100627,C02,2019-04-01,9999-12-31
1091,P100632,C13,2019-04-01,9999-12-31
1092,P100640,C10,2019-04-01,9999-12-31
1093,P100649,C05,2019-04-01,9999-12-31
1094,P100652,C07,2019-04-01,9999-12-31
1095,P100658,C12,2019-04-01,9999-12-31
1096,P100665,C10,2019-04-01,9999-12-31
1097,P100677,C13,2019-04-01,9999-12-31
1098,P100682,C09,2019-04-01,9999-12-31
1099,P100686,C04,2019-04-01,9999-12-31
1100,P100693,C13,2019-04-01,9999-12-31
1101,P100703,C09,2019-04-01,9999-12-31
1102,P100711,C01,2019-04-01,9999-12-31
1103,P100717,C08,2019-04-01,9999-12-31
1104,P100722,C12,2019-04-01,9999-12-31
1105,P100731,C13,2019-04-01,9999-12-31
1106,P100736,C09,2019-04-01,9999-12-31
1107,P100744,C11,2019-04-01,9999-12-31
1108,P100754,C11,2019-04-01,9999-12-31
1109,P100761,C11,2019-04-01,9999-12-31
1110,P100767,C10,2019-04-01,9999-12-31
1111,P100771,C09,2019-04-01,9999-12-31
1112,P100781,C07,2019-04-01,9999-12-31
1113,P100784,C03,2019-04-01,2024-05-31
1114,P100791,C02,2019-04-01,9999-12-31
1115,P100803,C05,2019-04-01,9999-12-31
1116,P100810,C06,2019-04-01,9999-12-31
1117,P100816,C09,2019-04-01,9999-12-31
1118,P100819,C04,2019-04-01,9999-12-31
1119,P100827,C04,2019-04-01,9999-12-31
1120,P100838,C11,2019-04-01,9999-12-31
1121,P100840,C03,2019-04-01,9999-12-31
1122,P100850,C10,2019-04-01,9999-12-31
1123,P100855,C07,2019-04-01,9999-12-31
1124,P100864,C13,2019-04-01,9999-12-31
1125,P100869,C14,2019-04-01,9999-12-31
1126,P100879,C12,2019-04-01,9999-12-31
1127,P100883,C02,2019-04-01,9999-12-31
1128,P100889,C05,2019-04-01,9999-12-31
1129,P100899,C12,2019-04-01,9999-12-31
1130,P100904,C13,2019-04-01,9999-12-31
1131,P100911,C11,2019-04-01,9999-12-31
1132,P100921,C07,2019-04-01,9999-12-31
1133,P100924,C01,2019-04-01,9999-12-31
1134,P100933,C13,2019-04-01,9999-12-31
1135,P100940,C08,2019-04-01,9999-12-31
1136,P100946,C01,2019-04-01,9999-12-31
1137,P100956,C05,2019-04-01,9999-12-31
1138,P100959,C03,2019-04-01,9999-12-31
1139,P100967,C09,2019-04-01,9999-12-31
1140,P100974,C11,2019-04-01,9999-12-31
1141,P100985,C08,2019-04-01,9999-12-31
1142,P100991,C02,2019-04-01,9999-12-31
1143,P100999,C12,2019-04-01,9999-12-31
1144,P101004,C09,2019-04-01,2024-05-31
1145,P101010,C10,2019-04-01,9999-12-31
1146,P101018,C12,2019-04-01,9999-12-31
1147,P101023,C06,2019-04-01,9999-12-31
1148,P101034,C14,2019-04-01,9999-12-31
1149,P101037,C08,2019-04-01,9999-12-31
1150,P101048,C05,2019-04-01,9999-12-31
1151,P101052,C13,2019-04-01,9999-12-31
1152,P101062,C11,2019-04-01,9999-12-31
1153,P101064,C13,2019-04-01,9999-12-31
1154,P101076,C05,2019-04-01,9999-12-31
1155,P101083,C07,2019-04-01,9999-12-31
1156,P101090,C13,2019-04-01,9999-12-31
1157,P101095,C12,2019-04-01,9999-12-31
1158,P101101,C10,2019-04-01,9999-12-31
1159,P101106,C02,2019-04-01,9999-12-31
1160,P101117,C04,2019-04-01,9999-12-31
1161,P101122,C01,2019-04-01,9999-12-31
1162,P101127,C12,2019-04-01,9999-12-31
1163,P101134,C04,2019-04-01,9999-12-31
1164,P101142,C10,2019-04-01,9999-12-31
1165,P101152,C08,2019-04-01,9999-12-31
1166,P101156,C06,2019-04-01,9999-12-31
1167,P101164,C03,2019-04-01,9999-12-31
1168,P101174,C02,2019-04-01,9999-12-31
1169,P101177,C11,2019-04-01,9999-12-31
1170,P101184,C14,2019-04-01,9999-12-31
1171,P101190,C01,2019-04-01,9999-12-31
1172,P101201,C11,2019-04-01,9999-12-31
1173,P101208,C04,2019-04-01,9999-12-31
1174,P101213,C13,2019-04-01,9999-12-31
1175,P101218,C08,2019-04-01,9999-12-31
1176,P101225,C14,2019-04-01,9999-12-31
1177,P101237,C10,2019-04-01,9999-12-31
1178,P101242,C13,2019-04-01,9999-12-31
1179,P101248,C03,2019-04-01,9999-12-31
1180,P101258,C03,2019-04-01,9999-12-31
1181,P101263,C07,2019-04-01,9999-12-31
1182,P101272,C06,2019-04-01,9999-12-31
1183,P101279,C12,2019-04-01,9999-12-31
1184,P101283,C03,2019-04-01,9999-12-31
1185,P101292,C02,2019-04-01,9999-12-31
1186,P101298,C10,2019-04-01,9999-12-31
1187,P101305,C01,2019-04-01,9999-12-31
1188,P101311,C05,2019-04-01,9999-12-31
1189,P101321,C03,2019-04-01,9999-12-31
1190,P101327,C08,2019-04-01,9999-12-31
1191,P101332,C07,2019-04-01,9999-12-31
1192,P101339,C05,2019-04-01,9999-12-31
1193,P101345,C02,2019-04-01,9999-12-31
1194,P101356,C05,2019-04-01,9999-12-31
1195,P101359,C07,2019-04-01,2024-05-31
1196,P101367,C03,2019-04-01,9999-12-31
1197,P101374,C13,2019-04-01,9999-12-31
1198,P101384,C06,2019-04-01,9999-12-31
1199,P101389,C03,2019-04-01,9999-12-31
1200,P101393,C06,2019-04-01,9999-12-31
1201,P101404,C02,2019-04-01,9999-12-31
1202,P101410,C09,2019-04-01,9999-12-31
1203,P101419,C09,2019-04-01,9999-12-31
1204,P101421,C01,2019-04-01,9999-12-31
1205,P101428,C03,2019-04-01,9999-12-31
1206,P101440,C12,2019-04-01,9999-12-31
1207,P101444,C05,2019-04-01,9999-12-31
1208,P101454,C14,2019-04-01,9999-12-31
1209,P101458,C04,2019-04-01,9999-12-31
1210,P101465,C07,2019-04-01,9999-12-31
1211,P101470,C12,2019-04-01,9999-12-31
1212,P101481,C06,2019-04-01,9999-12-31
1213,P101489,C04,2019-04-01,9999-12-31
1214,P101492,C13,2019-04-01,9999-12-31
1215,P101500,C04,2019-04-01,9999-12-31
1216,P101507,C02,2019-04-01,9999-12-31
1217,P101515,C12,2019-04-01,9999-12-31
1218,P101520,C05,2019-04-01,9999-12-31
1219,P101530,C07,2019-04-01,9999-12-31
1220,P101533,C09,2019-04-01,9999-12-31
1221,P101543,C13,2019-04-01,9999-12-31
1222,P101547,C11,2019-04-01,9999-12-31
1223,P101558,C01,2019-04-01,9999-12-31
1224,P101564,C03,2019-04-01,9999-12-31
1225,P101570,C09,2019-04-01,9999-12-31
1226,P101578,C11,2019-04-01,9999-12-31
1227,P101585,C01,2019-04-01,9999-12-31
1228,P101592,C07,2019-04-01,9999-12-31
1229,P101599,C08,2019-04-01,9999-12-31
1230,P101603,C09,2019-04-01,9999-12-31
1231,P101613,C01,2019-04-01,9999-12-31
1232,P101622,C02,2019-04-01,9999-12-31
1233,P101626,C09,2019-04-01,9999-12-31
1234,P101634,C03,2019-04-01,9999-12-31
1235,P101638,C14,2019-04-01,9999-12-31
1236,P101648,C06,2019-04-01,9999-12-31
1237,P101656,C14,2019-04-01,9999-12-31
1238,P101660,C11,2019-04-01,9999-12-31
1239,P101669,C11,2019-04-01,9999-12-31
1240,P101674,C03,2019-04-01,9999-12-31
1241,P101681,C14,2019-04-01,9999-12-31
1242,P101690,C05,2019-04-01,9999-12-31
1243,P101697,C12,2019-04-01,9999-12-31
1244,P101702,C08,2019-04-01,9999-12-31
1245,P101710,C14,2019-04-01,9999-12-31
1246,P101720,C06,2019-04-01,9999-12-31
1247,P101722,C05,2019-04-01,9999-12-31
1248,P101732,C09,2019-04-01,9999-12-31
1249,P101740,C04,2019-04-01,9999-12-31
1250,P101747,C02,2019-04-01,9999-12-31
1251,P101751,C03,2019-04-01,9999-12-31
1252,P101762,C09,2019-04-01,9999-12-31
1253,P101766,C10,2019-04-01,9999-12-31
1254,P101774,C09,2019-04-01,9999-12-31
1255,P101779,C06,2019-04-01,9999-12-31
1256,P101789,C02,2019-04-01,9999-12-31
1257,P101796,C05,2019-04-01,9999-12-31
1258,P101802,C06,2019-04-01,9999-12-31
1259,P101810,C09,2019-04-01,9999-12-31
1260,P101813,C12,2019-04-01,9999-12-31
1261,P101825,C11,2019-04-01,9999-12-31
1262,P101827,C05,2019-04-01,9999-12-31
1263,P101839,C14,2019-04-01,9999-12-31
1264,P101842,C06,2019-04-01,9999-12-31
1265,P101851,C04,2019-04-01,9999-12-31
1266,P101859,C14,2019-04-01,9999-12-31
1267,P101864,C01,2019-04-01,9999-12-31
1268,P101874,C12,2019-04-01,9999-12-31
1269,P101876,C11,2019-04-01,9999-12-31
1270,P101884,C10,2019-04-01,9999-12-31
1271,P101894,C09,2019-04-01,9999-12-31
1272,P101899,C08,2019-04-01,9999-12-31
1273,P101904,C07,2019-04-01,9999-12-31
1274,P101911,C04,2019-04-01,9999-12-31
1275,P101923,C08,2019-04-01,9999-12-31
1276,P101925,C07,2019-04-01,9999-12-31
1277,P101933,C09,2019-04-01,9999-12-31
1278,P101940,C10,2019-04-01,9999-12-31
1279,P101949,C05,2019-04-01,9999-12-31
1280,P101955,C08,2019-04-01,9999-12-31
1281,P101961,C07,2019-04-01,9999-12-31
1282,P101968,C01,2019-04-01,9999-12-31
1283,P101974,C08,2019-04-01,9999-12-31
1284,P101982,C07,2019-04-01,9999-12-31
1285,P101990,C14,2019-04-01,9999-12-31
1286,P102000,C01,2019-04-01,9999-12-31
1287,P102006,C04,2019-04-01,9999-12-31
1288,P102014,C13,2019-04-01,9999-12-31
1289,P102021,C14,2019-04-01,9999-12-31
1290,P102023,C10,2019-04-01,9999-12-31
1291,P102035,C02,2019-04-01,9999-12-31
1292,P102042,C02,2019-04-01,2024-05-31
1293,P102045,C03,2019-04-01,9999-12-31
1294,P102054,C11,2019-04-01,9999-12-31
1295,P102060,C12,2019-04-01,9999-12-31
1296,P102067,C06,2019-04-01,9999-12-31
1297,P102074,C02,2019-04-01,9999-12-31
1298,P102081,C03,2019-04-01,9999-12-31
1299,P102091,C12,2019-04-01,9999-12-31
1300,P102096,C09,2019-04-01,9999-12-31
1301,P102103,C08,2019-04-01,9999-12-31
1302,P102112,C10,2019-04-01,9999-12-31
1303,P102114,C11,2019-04-01,9999-12-31
1304,P102122,C03,2019-04-01,9999-12-31
1305,P102129,C06,2019-04-01,9999-12-31
1306,P102139,C05,2019-04-01,9999-12-31
1307,P102142,C02,2019-04-01,9999-12-31
1308,P102151,C05,2019-04-01,9999-12-31
1309,P102160,C09,2019-04-01,9999-12-31
1310,P102166,C08,2019-04-01,9999-12-31
1311,P102175,C12,2019-04-01,9999-12-31
1312,P102181,C04,2019-04-01,9999-12-31
1313,P102184,C04,2019-04-01,2024-05-31
1314,P102193,C03,2019-04-01,9999-12-31
1315,P102202,C13,2019-04-01,9999-12-31
1316,P102207,C14,2019-04-01,9999-12-31
1317,P102217,C12,2019-04-01,9999-12-31
1318,P102219,C05,2019-04-01,9999-12-31
1319,P102230,C07,2019-04-01,9999-12-31
1320,P102236,C05,2019-04-01,9999-12-31
1321,P102243,C06,2019-04-01,9999-12-31
1322,P102248,C12,2019-04-01,9999-12-31
1323,P102255,C12,2019-04-01,9999-12-31
1324,P102263,C14,2019-04-01,9999-12-31
1325,P102272,C09,2019-04-01,9999-12-31
1326,P102280,C07,2019-04-01,9999-12-31
1327,P102286,C03,2019-04-01,9999-12-31
1328,P102290,C09,2019-04-01,9999-12-31
1329,P102296,C13,2019-04-01,9999-12-31
1330,P102305,C10,2019-04-01,9999-12-31
1331,P102311,C02,2019-04-01,9999-12-31
1332,P102321,C14,2019-04-01,9999-12-31
1333,P102324,C02,2019-04-01,9999-12-31
1334,P102335,C13,2019-04-01,9999-12-31
1335,P102342,C14,2019-04-01,9999-12-31
1336,P102346,C14,2019-04-01,9999-12-31
1337,P102353,C06,2019-04-01,9999-12-31
1338,P102364,C01,2019-04-01,9999-12-31
1339,P102371,C12,2019-04-01,9999-12-31
1340,P102375,C08,2019-04-01,9999-12-31
1341,P102383,C01,2019-04-01,9999-12-31
1342,P102389,C07,2019-04-01,9999-12-31
1343,P102397,C14,2019-04-01,9999-12-31
1344,P102404,C04,2019-04-01,9999-12-31
1345,P102409,C06,2019-04-01,2024-05-31
1346,P102415,C05,2019-04-01,9999-12-31
1347,P102424,C06,2019-04-01,9999-12-31
1348,P102432,C09,2019-04-01,9999-12-31
1349,P102436,C07,2019-04-01,9999-12-31
1350,P102445,C01,2019-04-01,9999-12-31
1351,P102452,C06,2019-04-01,9999-12-31
1352,P102460,C02,2019-04-01,9999-12-31
1353,P102465,C05,2019-04-01,9999-12-31
1354,P102471,C03,2019-04-01,9999-12-31
1355,P102480,C11,2019-04-01,9999-12-31
1356,P102485,C11,2019-04-01,9999-12-31
1357,P102494,C01,2019-04-01,9999-12-31
1358,P102502,C08,2019-04-01,9999-12-31
1359,P102510,C14,2019-04-01,9999-12-31
1360,P102516,C05,2019-04-01,9999-12-31
1361,P102520,C05,2019-04-01,9999-12-31
1362,P102531,C10,2019-04-01,9999-12-31
1363,P102534,C01,2019-04-01,9999-12-31
1364,P102546,C07,2019-04-01,9999-12-31
1365,P102549,C02,2019-04-01,2024-05-31
1366,P102559,C11,2019-04-01,9999-12-31
1367,P102566,C02,2019-04-01,9999-12-31
1368,P102569,C14,2019-04-01,9999-12-31
1369,P102581,C11,2019-04-01,9999-12-31
1370,P102585,C06,2019-04-01,9999-12-31
1371,P102593,C01,2019-04-01,9999-12-31
1372,P102598,C12,2019-04-01,9999-12-31
1373,P102609,C10,2019-04-01,9999-12-31
1374,P102616,C01,2019-04-01,9999-12-31
1375,P102623,C14,2019-04-01,9999-12-31
1376,P102626,C14,2019-04-01,9999-12-31
1377,P102636,C06,2019-04-01,9999-12-31
1378,P102640,C13,2019-04-01,9999-12-31
1379,P102648,C08,2019-04-01,9999-12-31
1380,P102656,C11,2019-04-01,9999-12-31
1381,P102664,C03,2019-04-01,9999-12-31
1382,P102671,C13,2019-04-01,9999-12-31
1383,P102674,C07,2019-04-01,9999-12-31
1384,P102682,C02,2019-04-01,9999-12-31
1385,P102691,C06,2019-04-01,9999-12-31
1386,P102695,C09,2019-04-01,9999-12-31
1387,P102707,C10,2019-04-01,9999-12-31
1388,P102714,C10,2019-04-01,9999-12-31
1389,P102718,C08,2019-04-01,9999-12-31
1390,P102724,C07,2019-04-01,9999-12-31
1391,P102735,C07,2019-04-01,9999-12-31
1392,P102738,C09,2019-04-01,2024-05-31
1393,P102744,C11,2019-04-01,9999-12-31
1394,P102755,C11,2019-04-01,9999-12-31
1395,P102761,C12,2019-04-01,9999-12-31
1396,P102768,C13,2019-04-01,9999-12-31
1397,P102772,C11,2019-04-01,9999-12-31
1398,P102779,C14,2019-04-01,9999-12-31
1399,P102788,C05,2019-04-01,9999-12-31
1400,P102794,C04,2019-04-01,9999-12-31
1401,P102801,C08,2019-04-01,9999-12-31
1402,P102811,C02,2019-04-01,9999-12-31
1403,P102814,C02,2019-04-01,9999-12-31
1404,P102821,C04,2019-04-01,9999-12-31
1405,P102833,C05,2019-04-01,9999-12-31
1406,P102835,C14,2019-04-01,9999-12-31
1407,P102845,C02,2019-04-01,2024-05-31
1408,P102849,C09,2019-04-01,9999-12-31
1409,P102857,C01,2019-04-01,9999-12-31
1410,P102868,C03,2019-04-01,9999-12-31
1411,P102874,C02,2019-04-01,9999-12-31
1412,P102880,C05,2019-04-01,9999-12-31
1413,P102886,C11,2019-04-01,9999-12-31
1414,P102892,C08,2019-04-01,9999-12-31
1415,P102903,C01,2019-04-01,9999-12-31
1416,P102909,C12,2019-04-01,9999-12-31
1417,P102913,C14,2019-04-01,9999-12-31
1418,P102922,C13,2019-04-01,9999-12-31
1419,P102931,C05,2019-04-01,2024-05-31
1420,P102933,C09,2019-04-01,9999-12-31
1421,P102945,C03,2019-04-01,9999-12-31
1422,P102947,C12,2019-04-01,9999-12-31
1423,P102954,C10,2019-04-01,9999-12-31
1424,P102963,C08,2019-04-01,9999-12-31
1425,P102972,C10,2019-04-01,9999-12-31
1426,P102975,C13,2019-04-01,9999-12-31
1427,P102982,C13,2019-04-01,9999-12-31
1428,P102993,C05,2019-04-01,9999-12-31
1429,P102998,C03,2019-04-01,9999-12-31
1430,P103004,C11,2019-04-01,9999-12-31
1431,P103012,C10,2019-04-01,9999-12-31
1432,P103022,C14,2019-04-01,9999-12-31
1433,P103029,C01,2019-04-01,9999-12-31
1434,P103035,C05,2019-04-01,9999-12-31
1435,P103040,C07,2019-04-01,9999-12-31
1436,P103050,C04,2019-04-01,9999-12-31
1437,P103054,C12,2019-04-01,9999-12-31
1438,P103062,C11,2019-04-01,9999-12-31
1439,P103068,C02,2019-04-01,9999-12-31
1440,P103074,C01,2019-04-01,9999-12-31
1441,P103081,C08,2019-04-01,9999-12-31
1442,P103090,C05,2019-04-01,9999-12-31
1443,P103096,C03,2019-04-01,9999-12-31
1444,P103105,C03,2019-04-01,9999-12-31
1445,P103111,C02,2019-04-01,9999-12-31
1446,P103118,C11,2019-04-01,9999-12-31
1447,P103124,C03,2019-04-01,9999-12-31
1448,P103129,C13,2019-04-01,9999-12-31
1449,P103137,C10,2019-04-01,9999-12-31
1450,P103144,C11,2019-04-01,9999-12-31
1451,P103155,C03,2019-04-01,9999-12-31
1452,P103159,C04,2019-04-01,9999-12-31
1453,P103168,C09,2019-04-01,9999-12-31
1454,P103171,C11,2019-04-01,9999-12-31
1455,P103178,C13,2019-04-01,9999-12-31
1456,P103188,C01,2019-04-01,9999-12-31
1457,P103197,C09,2019-04-01,9999-12-31
1458,P103202,C14,2019-04-01,9999-12-31
1459,P103206,C03,2019-04-01,9999-12-31
1460,P103214,C05,2019-04-01,9999-12-31
1692,P104842,C14,2019-04-01,9999-12-31
1461,P103222,C14,2019-04-01,9999-12-31
1462,P103231,C02,2019-04-01,9999-12-31
1463,P103234,C03,2019-04-01,9999-12-31
1464,P103243,C06,2019-04-01,9999-12-31
1465,P103249,C02,2019-04-01,9999-12-31
1466,P103259,C12,2019-04-01,9999-12-31
1467,P103262,C11,2019-04-01,9999-12-31
1468,P103273,C14,2019-04-01,9999-12-31
1469,P103281,C08,2019-04-01,9999-12-31
1470,P103283,C11,2019-04-01,9999-12-31
1471,P103294,C02,2019-04-01,9999-12-31
1472,P103299,C08,2019-04-01,9999-12-31
1473,P103309,C11,2019-04-01,9999-12-31
1474,P103316,C09,2019-04-01,9999-12-31
1475,P103319,C06,2019-04-01,9999-12-31
1476,P103328,C07,2019-04-01,9999-12-31
1477,P103337,C06,2019-04-01,9999-12-31
1478,P103340,C08,2019-04-01,9999-12-31
1479,P103348,C05,2019-04-01,9999-12-31
1480,P103354,C04,2019-04-01,9999-12-31
1481,P103364,C12,2019-04-01,9999-12-31
1482,P103372,C01,2019-04-01,9999-12-31
1483,P103374,C01,2019-04-01,9999-12-31
1484,P103382,C06,2019-04-01,9999-12-31
1485,P103389,C13,2019-04-01,9999-12-31
1486,P103397,C04,2019-04-01,9999-12-31
1487,P103406,C09,2019-04-01,9999-12-31
1488,P103413,C05,2019-04-01,9999-12-31
1489,P103416,C03,2019-04-01,9999-12-31
1490,P103424,C10,2019-04-01,9999-12-31
1491,P103435,C08,2019-04-01,9999-12-31
1492,P103438,C02,2019-04-01,9999-12-31
1493,P103449,C06,2019-04-01,9999-12-31
1494,P103452,C05,2019-04-01,9999-12-31
1495,P103461,C14,2019-04-01,9999-12-31
1496,P103465,C08,2019-04-01,9999-12-31
1497,P103473,C10,2019-04-01,9999-12-31
1498,P103484,C13,2019-04-01,9999-12-31
1499,P103487,C10,2019-04-01,9999-12-31
1500,P103496,C13,2019-04-01,9999-12-31
1501,P103504,C10,2019-04-01,9999-12-31
1502,P103510,C06,2019-04-01,9999-12-31
1503,P103517,C12,2019-04-01,9999-12-31
1504,P103525,C06,2019-04-01,9999-12-31
1505,P103530,C03,2019-04-01,9999-12-31
1506,P103538,C06,2019-04-01,9999-12-31
1507,P103542,C14,2019-04-01,9999-12-31
1508,P103552,C12,2019-04-01,9999-12-31
1509,P103559,C05,2019-04-01,9999-12-31
1510,P103563,C01,2019-04-01,9999-12-31
1511,P103575,C06,2019-04-01,9999-12-31
1512,P103577,C14,2019-04-01,9999-12-31
1513,P103584,C07,2019-04-01,9999-12-31
1514,P103591,C13,2019-04-01,9999-12-31
1515,P103600,C06,2019-04-01,9999-12-31
1516,P103606,C11,2019-04-01,9999-12-31
1517,P103616,C05,2019-04-01,9999-12-31
1518,P103620,C04,2019-04-01,9999-12-31
1519,P103629,C03,2019-04-01,9999-12-31
1520,P103637,C08,2019-04-01,9999-12-31
1521,P103645,C12,2019-04-01,9999-12-31
1522,P103647,C12,2019-04-01,9999-12-31
1523,P103654,C02,2019-04-01,9999-12-31
1524,P103661,C13,2019-04-01,9999-12-31
1525,P103668,C05,2019-04-01,9999-12-31
1526,P103680,C04,2019-04-01,9999-12-31
1527,P103682,C07,2019-04-01,9999-12-31
1528,P103693,C12,2019-04-01,9999-12-31
1529,P103701,C05,2019-04-01,9999-12-31
1530,P103704,C03,2019-04-01,9999-12-31
1531,P103712,C09,2019-04-01,9999-12-31
1532,P103719,C09,2019-04-01,9999-12-31
1533,P103727,C10,2019-04-01,9999-12-31
1534,P103732,C06,2019-04-01,9999-12-31
1535,P103743,C04,2019-04-01,9999-12-31
1536,P103749,C01,2019-04-01,9999-12-31
1537,P103757,C11,2019-04-01,9999-12-31
1538,P103760,C01,2019-04-01,9999-12-31
1539,P103766,C06,2019-04-01,9999-12-31
1540,P103777,C06,2019-04-01,9999-12-31
1541,P103785,C14,2019-04-01,9999-12-31
1542,P103792,C02,2019-04-01,9999-12-31
1543,P103794,C05,2019-04-01,9999-12-31
1544,P103806,C04,2019-04-01,9999-12-31
1545,P103811,C04,2019-04-01,9999-12-31
1546,P103816,C13,2019-04-01,9999-12-31
1547,P103822,C07,2019-04-01,9999-12-31
1548,P103833,C05,2019-04-01,9999-12-31
1549,P103839,C13,2019-04-01,9999-12-31
1550,P103843,C07,2019-04-01,9999-12-31
1551,P103855,C03,2019-04-01,9999-12-31
1552,P103861,C11,2019-04-01,9999-12-31
1553,P103864,C05,2019-04-01,9999-12-31
1554,P103871,C11,2019-04-01,9999-12-31
1555,P103882,C08,2019-04-01,9999-12-31
1556,P103886,C04,2019-04-01,9999-12-31
1557,P103896,C08,2019-04-01,9999-12-31
1558,P103904,C05,2019-04-01,9999-12-31
1559,P103908,C14,2019-04-01,9999-12-31
1560,P103918,C02,2019-04-01,9999-12-31
1561,P103922,C01,2019-04-01,9999-12-31
1562,P103927,C11,2019-04-01,9999-12-31
1563,P103934,C03,2019-04-01,9999-12-31
1564,P103946,C04,2019-04-01,9999-12-31
1565,P103950,C05,2019-04-01,9999-12-31
1566,P103958,C01,2019-04-01,9999-12-31
1567,P103964,C11,2019-04-01,9999-12-31
1568,P103973,C01,2019-04-01,9999-12-31
1569,P103978,C06,2019-04-01,9999-12-31
1570,P103986,C03,2019-04-01,9999-12-31
1571,P103994,C12,2019-04-01,9999-12-31
1572,P103999,C11,2019-04-01,9999-12-31
1573,P104008,C11,2019-04-01,9999-12-31
1574,P104011,C02,2019-04-01,9999-12-31
1575,P104023,C02,2019-04-01,9999-12-31
1576,P104026,C11,2019-04-01,9999-12-31
1577,P104032,C07,2019-04-01,9999-12-31
1578,P104042,C10,2019-04-01,9999-12-31
1579,P104048,C10,2019-04-01,9999-12-31
1580,P104058,C07,2019-04-01,9999-12-31
1581,P104064,C10,2019-04-01,9999-12-31
1582,P104072,C05,2019-04-01,9999-12-31
1583,P104079,C12,2019-04-01,9999-12-31
1584,P104081,C04,2019-04-01,9999-12-31
1585,P104089,C07,2019-04-01,9999-12-31
1586,P104097,C10,2019-04-01,9999-12-31
1587,P104107,C08,2019-04-01,9999-12-31
1588,P104112,C10,2019-04-01,2024-05-31
1589,P104121,C13,2019-04-01,9999-12-31
1590,P104123,C10,2019-04-01,9999-12-31
1591,P104133,C12,2019-04-01,9999-12-31
1592,P104139,C12,2019-04-01,9999-12-31
1593,P104149,C06,2019-04-01,9999-12-31
1594,P104155,C04,2019-04-01,9999-12-31
1595,P104160,C12,2019-04-01,9999-12-31
1596,P104168,C02,2019-04-01,9999-12-31
1597,P104175,C04,2019-04-01,9999-12-31
1598,P104181,C10,2019-04-01,9999-12-31
1599,P104187,C06,2019-04-01,9999-12-31
1600,P104194,C03,2019-04-01,9999-12-31
1601,P104202,C12,2019-04-01,9999-12-31
1602,P104212,C08,2019-04-01,9999-12-31
1603,P104219,C09,2019-04-01,9999-12-31
1604,P104226,C04,2019-04-01,9999-12-31
1605,P104233,C05,2019-04-01,9999-12-31
1606,P104236,C03,2019-04-01,9999-12-31
1607,P104242,C10,2019-04-01,9999-12-31
1608,P104251,C01,2019-04-01,9999-12-31
1609,P104257,C06,2019-04-01,9999-12-31
1610,P104266,C07,2019-04-01,9999-12-31
1611,P104270,C05,2019-04-01,9999-12-31
1612,P104277,C10,2019-04-01,9999-12-31
1613,P104285,C02,2019-04-01,9999-12-31
1614,P104294,C10,2019-04-01,9999-12-31
1615,P104302,C09,2019-04-01,9999-12-31
1616,P104308,C01,2019-04-01,9999-12-31
1617,P104316,C03,2019-04-01,9999-12-31
1618,P104320,C12,2019-04-01,9999-12-31
1619,P104328,C02,2019-04-01,9999-12-31
1620,P104334,C02,2019-04-01,9999-12-31
1621,P104344,C03,2019-04-01,9999-12-31
1622,P104351,C05,2019-04-01,9999-12-31
1623,P104358,C09,2019-04-01,9999-12-31
1624,P104361,C09,2019-04-01,9999-12-31
1625,P104372,C06,2019-04-01,9999-12-31
1626,P104378,C14,2019-04-01,9999-12-31
1627,P104382,C02,2019-04-01,9999-12-31
1628,P104389,C13,2019-04-01,9999-12-31
1629,P104401,C10,2019-04-01,9999-12-31
1630,P104404,C09,2019-04-01,9999-12-31
1631,P104410,C03,2019-04-01,9999-12-31
1632,P104417,C10,2019-04-01,9999-12-31
1633,P104427,C08,2019-04-01,9999-12-31
1634,P104435,C10,2019-04-01,9999-12-31
1635,P104439,C01,2019-04-01,9999-12-31
1636,P104446,C01,2019-04-01,9999-12-31
1637,P104454,C11,2019-04-01,9999-12-31
1638,P104462,C06,2019-04-01,9999-12-31
1639,P104469,C09,2019-04-01,9999-12-31
1640,P104478,C01,2019-04-01,9999-12-31
1641,P104485,C09,2019-04-01,9999-12-31
1642,P104487,C14,2019-04-01,9999-12-31
1643,P104497,C02,2019-04-01,9999-12-31
1644,P104501,C04,2019-04-01,9999-12-31
1645,P104512,C11,2019-04-01,9999-12-31
1646,P104517,C04,2019-04-01,9999-12-31
1647,P104526,C02,2019-04-01,9999-12-31
1648,P104533,C06,2019-04-01,9999-12-31
1649,P104541,C05,2019-04-01,9999-12-31
1650,P104544,C06,2019-04-01,9999-12-31
1651,P104554,C09,2019-04-01,9999-12-31
1652,P104558,C10,2019-04-01,9999-12-31
1653,P104567,C10,2019-04-01,9999-12-31
1654,P104572,C11,2019-04-01,9999-12-31
1655,P104579,C12,2019-04-01,9999-12-31
1656,P104587,C06,2019-04-01,9999-12-31
1657,P104593,C09,2019-04-01,9999-12-31
1658,P104600,C11,2019-04-01,9999-12-31
1659,P104606,C10,2019-04-01,9999-12-31
1660,P104617,C01,2019-04-01,9999-12-31
1661,P104625,C12,2019-04-01,9999-12-31
1662,P104628,C13,2019-04-01,9999-12-31
1663,P104637,C10,2019-04-01,9999-12-31
1664,P104645,C04,2019-04-01,9999-12-31
1665,P104651,C09,2019-04-01,9999-12-31
1666,P104658,C02,2019-04-01,9999-12-31
1667,P104665,C10,2019-04-01,9999-12-31
1668,P104670,C01,2019-04-01,9999-12-31
1669,P104676,C01,2019-04-01,9999-12-31
1670,P104688,C11,2019-04-01,9999-12-31
1671,P104695,C06,2019-04-01,9999-12-31
1672,P104700,C04,2019-04-01,9999-12-31
1673,P104708,C03,2019-04-01,2024-05-31
1674,P104715,C08,2019-04-01,9999-12-31
1675,P104718,C10,2019-04-01,9999-12-31
1676,P104725,C13,2019-04-01,2024-05-31
1677,P104733,C07,2019-04-01,9999-12-31
1678,P104739,C03,2019-04-01,9999-12-31
1679,P104747,C10,2019-04-01,9999-12-31
1680,P104756,C09,2019-04-01,9999-12-31
1681,P104765,C14,2019-04-01,9999-12-31
1682,P104772,C03,2019-04-01,9999-12-31
1683,P104774,C11,2019-04-01,9999-12-31
1684,P104784,C14,2019-04-01,9999-12-31
1685,P104789,C12,2019-04-01,9999-12-31
1686,P104800,C09,2019-04-01,9999-12-31
1687,P104802,C13,2019-04-01,9999-12-31
1688,P104811,C07,2019-04-01,9999-12-31
1689,P104820,C03,2019-04-01,9999-12-31
1690,P104827,C12,2019-04-01,9999-12-31
1691,P104831,C09,2019-04-01,9999-12-31
1693,P104844,C02,2019-04-01,9999-12-31
1694,P104854,C12,2019-04-01,9999-12-31
1695,P104858,C10,2019-04-01,9999-12-31
1696,P104867,C11,2019-04-01,9999-12-31
1697,P104872,C14,2019-04-01,9999-12-31
1698,P104883,C02,2019-04-01,9999-12-31
1699,P104891,C09,2019-04-01,9999-12-31
1700,P104898,C11,2019-04-01,9999-12-31
1701,P104902,C08,2019-04-01,9999-12-31
1702,P104909,C12,2019-04-01,9999-12-31
1703,P104916,C08,2019-04-01,9999-12-31
1704,P104921,C07,2019-04-01,9999-12-31
1705,P104933,C07,2019-04-01,9999-12-31
1706,P104938,C09,2019-04-01,9999-12-31
1707,P104944,C13,2019-04-01,9999-12-31
1708,P104950,C01,2019-04-01,9999-12-31
1709,P104956,C13,2019-04-01,9999-12-31
1710,P104965,C11,2019-04-01,9999-12-31
1711,P104975,C04,2019-04-01,9999-12-31
1712,P104980,C11,2019-04-01,9999-12-31
1713,P104986,C13,2019-04-01,9999-12-31
1714,P104992,C04,2019-04-01,9999-12-31
1715,P105003,C08,2019-04-01,9999-12-31
1716,P105009,C01,2019-04-01,9999-12-31
1717,P105017,C08,2019-04-01,9999-12-31
1718,P105021,C09,2019-04-01,9999-12-31
1719,P105030,C13,2019-04-01,9999-12-31
1720,P105035,C12,2019-04-01,9999-12-31
1721,P105042,C01,2019-04-01,9999-12-31
1722,P105050,C02,2019-04-01,9999-12-31
1723,P105057,C13,2019-04-01,9999-12-31
1724,P105062,C01,2019-04-01,9999-12-31
1725,P105069,C03,2019-04-01,9999-12-31
1726,P105075,C01,2019-04-01,9999-12-31
1727,P105083,C08,2019-04-01,9999-12-31
1728,P105092,C03,2019-04-01,2024-05-31
1729,P105100,C13,2019-04-01,9999-12-31
1730,P105106,C01,2019-04-01,9999-12-31
1731,P105112,C11,2019-04-01,9999-12-31
1732,P105119,C13,2019-04-01,9999-12-31
1733,P105127,C11,2019-04-01,9999-12-31
1734,P105136,C12,2019-04-01,9999-12-31
1735,P105139,C10,2019-04-01,9999-12-31
1736,P105145,C04,2019-04-01,9999-12-31
1737,P105155,C06,2019-04-01,9999-12-31
1738,P105164,C04,2019-04-01,9999-12-31
1739,P105167,C05,2019-04-01,9999-12-31
1740,P105176,C07,2019-04-01,9999-12-31
1741,P105180,C01,2019-04-01,9999-12-31
1742,P105187,C04,2019-04-01,9999-12-31
1743,P105198,C14,2019-04-01,9999-12-31
1744,P105201,C05,2019-04-01,9999-12-31
1745,P105209,C08,2019-04-01,9999-12-31
1746,P105219,C07,2019-04-01,9999-12-31
1747,P105227,C14,2019-04-01,9999-12-31
1748,P105230,C14,2019-04-01,9999-12-31
1749,P105236,C09,2019-04-01,9999-12-31
1750,P105246,C05,2019-04-01,9999-12-31
1751,P105252,C01,2019-04-01,9999-12-31
1752,P105260,C14,2019-04-01,9999-12-31
1753,P105268,C13,2019-04-01,9999-12-31
1754,P105272,C10,2019-04-01,9999-12-31
1755,P105280,C02,2019-04-01,9999-12-31
1756,P105288,C12,2019-04-01,9999-12-31
1757,P105294,C13,2019-04-01,9999-12-31
1758,P105302,C02,2019-04-01,9999-12-31
1759,P105307,C05,2019-04-01,9999-12-31
1760,P105313,C12,2019-04-01,9999-12-31
1761,P105323,C06,2019-04-01,9999-12-31
1762,P105331,C02,2019-04-01,9999-12-31
1763,P105337,C11,2019-04-01,9999-12-31
1764,P105345,C06,2019-04-01,9999-12-31
1765,P105351,C13,2019-04-01,9999-12-31
1766,P105356,C06,2019-04-01,9999-12-31
1767,P105365,C09,2019-04-01,9999-12-31
1768,P105369,C13,2019-04-01,9999-12-31
2002,P107012,C11,2019-04-01,9999-12-31
1769,P105377,C14,2019-04-01,9999-12-31
1770,P105384,C10,2019-04-01,9999-12-31
1771,P105394,C03,2019-04-01,9999-12-31
1772,P105400,C01,2019-04-01,9999-12-31
1773,P105405,C05,2019-04-01,9999-12-31
1774,P105413,C09,2019-04-01,2024-05-31
1775,P105418,C13,2019-04-01,9999-12-31
1776,P105425,C05,2019-04-01,9999-12-31
1777,P105433,C13,2019-04-01,9999-12-31
1778,P105440,C11,2019-04-01,9999-12-31
1779,P105450,C12,2019-04-01,9999-12-31
1780,P105453,C07,2019-04-01,9999-12-31
1781,P105460,C13,2019-04-01,9999-12-31
1782,P105468,C05,2019-04-01,9999-12-31
1783,P105479,C10,2019-04-01,9999-12-31
1784,P105483,C13,2019-04-01,9999-12-31
1785,P105490,C03,2019-04-01,9999-12-31
1786,P105497,C14,2019-04-01,9999-12-31
1787,P105507,C12,2019-04-01,9999-12-31
1788,P105511,C07,2019-04-01,9999-12-31
1789,P105518,C07,2019-04-01,9999-12-31
1790,P105524,C01,2019-04-01,9999-12-31
1791,P105531,C10,2019-04-01,9999-12-31
1792,P105541,C08,2019-04-01,9999-12-31
1793,P105547,C10,2019-04-01,9999-12-31
1794,P105553,C09,2019-04-01,9999-12-31
1795,P105562,C10,2019-04-01,2024-05-31
1796,P105570,C02,2019-04-01,9999-12-31
1797,P105575,C02,2019-04-01,9999-12-31
1798,P105583,C03,2019-04-01,9999-12-31
1799,P105589,C01,2019-04-01,9999-12-31
1800,P105594,C10,2019-04-01,9999-12-31
1801,P105603,C03,2019-04-01,9999-12-31
1802,P105609,C04,2019-04-01,9999-12-31
1803,P105614,C07,2019-04-01,9999-12-31
1804,P105624,C02,2019-04-01,9999-12-31
1805,P105633,C11,2019-04-01,9999-12-31
1806,P105636,C04,2019-04-01,9999-12-31
1807,P105643,C04,2019-04-01,9999-12-31
1808,P105651,C13,2019-04-01,9999-12-31
1809,P105656,C04,2019-04-01,9999-12-31
1810,P105666,C04,2019-04-01,9999-12-31
1811,P105672,C12,2019-04-01,9999-12-31
1812,P105677,C01,2019-04-01,9999-12-31
1813,P105684,C05,2019-04-01,9999-12-31
1814,P105695,C11,2019-04-01,9999-12-31
1815,P105698,C13,2019-04-01,9999-12-31
1816,P105707,C14,2019-04-01,9999-12-31
1817,P105713,C06,2019-04-01,9999-12-31
1818,P105720,C12,2019-04-01,9999-12-31
1819,P105729,C01,2019-04-01,9999-12-31
1820,P105733,C07,2019-04-01,9999-12-31
1821,P105740,C01,2019-04-01,9999-12-31
1822,P105747,C13,2019-04-01,9999-12-31
1823,P105757,C06,2019-04-01,9999-12-31
1824,P105765,C07,2019-04-01,9999-12-31
1825,P105772,C07,2019-04-01,9999-12-31
1826,P105775,C12,2019-04-01,9999-12-31
1827,P105784,C12,2019-04-01,9999-12-31
1828,P105789,C13,2019-04-01,9999-12-31
1829,P105797,C08,2019-04-01,9999-12-31
1830,P105805,C12,2019-04-01,9999-12-31
1831,P105815,C10,2019-04-01,9999-12-31
1832,P105819,C07,2019-04-01,9999-12-31
1833,P105827,C02,2019-04-01,9999-12-31
1834,P105835,C02,2019-04-01,9999-12-31
1835,P105838,C04,2019-04-01,9999-12-31
1836,P105845,C13,2019-04-01,9999-12-31
1837,P105855,C11,2019-04-01,9999-12-31
1838,P105860,C12,2019-04-01,2024-05-31
1839,P105868,C11,2019-04-01,9999-12-31
1840,P105878,C06,2019-04-01,9999-12-31
1841,P105882,C13,2019-04-01,9999-12-31
1842,P105890,C05,2019-04-01,9999-12-31
1843,P105897,C14,2019-04-01,9999-12-31
1844,P105901,C10,2019-04-01,9999-12-31
1845,P105908,C05,2019-04-01,9999-12-31
1846,P105918,C08,2019-04-01,9999-12-31
1847,P105923,C06,2019-04-01,9999-12-31
1848,P105929,C01,2019-04-01,9999-12-31
1849,P105937,C13,2019-04-01,9999-12-31
1850,P105944,C09,2019-04-01,9999-12-31
1851,P105950,C04,2019-04-01,9999-12-31
1852,P105959,C03,2019-04-01,9999-12-31
1853,P105965,C11,2019-04-01,9999-12-31
1854,P105971,C05,2019-04-01,9999-12-31
1855,P105980,C14,2019-04-01,9999-12-31
1856,P105988,C11,2019-04-01,9999-12-31
1857,P105997,C11,2019-04-01,9999-12-31
1858,P106004,C06,2019-04-01,9999-12-31
1859,P106009,C06,2019-04-01,2024-05-31
1860,P106015,C10,2019-04-01,9999-12-31
1861,P106024,C08,2019-04-01,9999-12-31
1862,P106027,C04,2019-04-01,9999-12-31
1863,P106035,C13,2019-04-01,9999-12-31
1864,P106044,C03,2019-04-01,9999-12-31
1865,P106048,C09,2019-04-01,9999-12-31
1866,P106059,C08,2019-04-01,9999-12-31
1867,P106067,C02,2019-04-01,9999-12-31
1868,P106072,C14,2019-04-01,9999-12-31
1869,P106080,C14,2019-04-01,9999-12-31
1870,P106084,C05,2019-04-01,9999-12-31
1871,P106093,C14,2019-04-01,9999-12-31
1872,P106098,C09,2019-04-01,9999-12-31
1873,P106106,C08,2019-04-01,9999-12-31
1874,P106115,C01,2019-04-01,9999-12-31
1875,P106123,C04,2019-04-01,9999-12-31
1876,P106130,C04,2019-04-01,9999-12-31
1877,P106133,C03,2019-04-01,9999-12-31
1878,P106143,C08,2019-04-01,9999-12-31
1879,P106151,C14,2019-04-01,9999-12-31
1880,P106158,C05,2019-04-01,9999-12-31
1881,P106162,C04,2019-04-01,9999-12-31
1882,P106169,C08,2019-04-01,9999-12-31
1883,P106174,C12,2019-04-01,9999-12-31
1884,P106181,C04,2019-04-01,9999-12-31
1885,P106191,C04,2019-04-01,9999-12-31
1886,P106200,C09,2019-04-01,9999-12-31
1887,P106207,C07,2019-04-01,9999-12-31
1888,P106209,C14,2019-04-01,9999-12-31
1889,P106221,C01,2019-04-01,9999-12-31
1890,P106228,C13,2019-04-01,9999-12-31
1891,P106234,C14,2019-04-01,9999-12-31
1892,P106239,C04,2019-04-01,9999-12-31
1893,P106244,C10,2019-04-01,9999-12-31
1894,P106254,C04,2019-04-01,9999-12-31
1895,P106258,C05,2019-04-01,9999-12-31
1896,P106270,C04,2019-04-01,9999-12-31
1897,P106277,C02,2019-04-01,9999-12-31
1898,P106282,C07,2019-04-01,9999-12-31
1899,P106288,C02,2019-04-01,9999-12-31
1900,P106297,C03,2019-04-01,9999-12-31
1901,P106300,C14,2019-04-01,9999-12-31
1902,P106310,C08,2019-04-01,9999-12-31
1903,P106317,C10,2019-04-01,9999-12-31
1904,P106323,C06,2019-04-01,9999-12-31
1905,P106330,C08,2019-04-01,9999-12-31
1906,P106336,C03,2019-04-01,9999-12-31
1907,P106344,C04,2019-04-01,9999-12-31
1908,P106353,C03,2019-04-01,9999-12-31
1909,P106357,C09,2019-04-01,9999-12-31
1910,P106367,C02,2019-04-01,9999-12-31
1911,P106373,C06,2019-04-01,9999-12-31
1912,P106382,C12,2019-04-01,9999-12-31
1913,P106388,C04,2019-04-01,9999-12-31
1914,P106391,C05,2019-04-01,9999-12-31
1915,P106399,C09,2019-04-01,2024-05-31
1916,P106405,C07,2019-04-01,9999-12-31
1917,P106415,C09,2019-04-01,9999-12-31
1918,P106424,C02,2019-04-01,9999-12-31
1919,P106426,C01,2019-04-01,9999-12-31
1920,P106434,C14,2019-04-01,9999-12-31
1921,P106443,C06,2019-04-01,9999-12-31
1922,P106452,C11,2019-04-01,9999-12-31
1923,P106454,C02,2019-04-01,9999-12-31
1924,P106464,C09,2019-04-01,9999-12-31
1925,P106473,C03,2019-04-01,9999-12-31
1926,P106478,C06,2019-04-01,9999-12-31
1927,P106486,C09,2019-04-01,9999-12-31
1928,P106490,C04,2019-04-01,9999-12-31
1929,P106501,C08,2019-04-01,9999-12-31
1930,P106506,C01,2019-04-01,9999-12-31
1931,P106512,C08,2019-04-01,9999-12-31
1932,P106522,C05,2019-04-01,9999-12-31
1933,P106528,C09,2019-04-01,9999-12-31
1934,P106534,C08,2019-04-01,9999-12-31
1935,P106542,C01,2019-04-01,9999-12-31
1936,P106550,C13,2019-04-01,9999-12-31
1937,P106553,C08,2019-04-01,9999-12-31
1938,P106563,C09,2019-04-01,9999-12-31
1939,P106566,C07,2019-04-01,9999-12-31
1940,P106577,C11,2019-04-01,9999-12-31
1941,P106584,C12,2019-04-01,9999-12-31
1942,P106592,C05,2019-04-01,9999-12-31
1943,P106599,C02,2019-04-01,9999-12-31
1944,P106602,C02,2019-04-01,9999-12-31
1945,P106611,C14,2019-04-01,9999-12-31
1946,P106620,C09,2019-04-01,9999-12-31
1947,P106624,C04,2019-04-01,9999-12-31
1948,P106629,C01,2019-04-01,9999-12-31
1949,P106639,C14,2019-04-01,9999-12-31
1950,P106648,C02,2019-04-01,9999-12-31
1951,P106651,C04,2019-04-01,9999-12-31
1952,P106659,C10,2019-04-01,9999-12-31
1953,P106669,C06,2019-04-01,9999-12-31
1954,P106671,C11,2019-04-01,9999-12-31
1955,P106679,C12,2019-04-01,9999-12-31
1956,P106686,C06,2019-04-01,9999-12-31
1957,P106697,C10,2019-04-01,9999-12-31
1958,P106703,C11,2019-04-01,9999-12-31
1959,P106710,C03,2019-04-01,9999-12-31
1960,P106718,C07,2019-04-01,9999-12-31
1961,P106720,C13,2019-04-01,9999-12-31
1962,P106731,C12,2019-04-01,9999-12-31
1963,P106735,C03,2019-04-01,9999-12-31
1964,P106745,C08,2019-04-01,9999-12-31
1965,P106751,C11,2019-04-01,9999-12-31
1966,P106757,C02,2019-04-01,9999-12-31
1967,P106765,C13,2019-04-01,9999-12-31
1968,P106773,C08,2019-04-01,9999-12-31
1969,P106776,C02,2019-04-01,9999-12-31
1970,P106783,C07,2019-04-01,9999-12-31
1971,P106793,C05,2019-04-01,9999-12-31
1972,P106802,C05,2019-04-01,9999-12-31
1973,P106807,C08,2019-04-01,9999-12-31
1974,P106813,C09,2019-04-01,9999-12-31
1975,P106823,C10,2019-04-01,9999-12-31
1976,P106830,C01,2019-04-01,9999-12-31
1977,P106833,C07,2019-04-01,9999-12-31
1978,P106844,C01,2019-04-01,9999-12-31
1979,P106848,C12,2019-04-01,9999-12-31
1980,P106858,C07,2019-04-01,9999-12-31
1981,P106865,C03,2019-04-01,9999-12-31
1982,P106872,C01,2019-04-01,9999-12-31
1983,P106877,C04,2019-04-01,9999-12-31
1984,P106885,C01,2019-04-01,9999-12-31
1985,P106891,C02,2019-04-01,9999-12-31
1986,P106900,C02,2019-04-01,9999-12-31
1987,P106907,C04,2019-04-01,9999-12-31
1988,P106911,C04,2019-04-01,9999-12-31
1989,P106920,C04,2019-04-01,9999-12-31
1990,P106927,C11,2019-04-01,9999-12-31
1991,P106934,C04,2019-04-01,9999-12-31
1992,P106942,C11,2019-04-01,9999-12-31
1993,P106948,C06,2019-04-01,9999-12-31
1994,P106955,C02,2019-04-01,9999-12-31
1995,P106958,C07,2019-04-01,9999-12-31
1996,P106965,C11,2019-04-01,9999-12-31
1997,P106975,C13,2019-04-01,9999-12-31
1998,P106984,C11,2019-04-01,9999-12-31
1999,P106989,C01,2019-04-01,9999-12-31
2000,P106997,C14,2019-04-01,9999-12-31
2001,P107003,C04,2019-04-01,9999-12-31
2003,P107018,C06,2019-04-01,9999-12-31
2004,P107026,C08,2019-04-01,9999-12-31
2005,P107028,C01,2019-04-01,9999-12-31
2006,P107040,C02,2019-04-01,9999-12-31
2007,P107047,C14,2019-04-01,9999-12-31
2008,P107053,C02,2019-04-01,9999-12-31
2009,P107056,C03,2019-04-01,9999-12-31
2010,P107063,C10,2019-04-01,9999-12-31
2011,P107072,C10,2019-04-01,2024-05-31
2012,P107078,C12,2019-04-01,9999-12-31
2013,P107089,C02,2019-04-01,9999-12-31
2014,P107094,C08,2019-04-01,9999-12-31
2015,P107100,C14,2019-04-01,9999-12-31
2016,P107110,C01,2019-04-01,9999-12-31
2017,P107115,C11,2019-04-01,9999-12-31
2018,P107119,C13,2019-04-01,9999-12-31
2019,P107126,C14,2019-04-01,9999-12-31
2020,P107137,C12,2019-04-01,9999-12-31
2021,P107145,C10,2019-04-01,9999-12-31
2022,P107149,C03,2019-04-01,9999-12-31
2023,P107158,C13,2019-04-01,9999-12-31
2024,P107163,C06,2019-04-01,9999-12-31
2025,P107171,C14,2019-04-01,9999-12-31
2026,P107178,C14,2019-04-01,9999-12-31
2027,P107182,C13,2019-04-01,9999-12-31
2028,P107190,C13,2019-04-01,9999-12-31
2029,P107197,C07,2019-04-01,9999-12-31
2030,P107208,C02,2019-04-01,9999-12-31
2031,P107215,C09,2019-04-01,9999-12-31
2032,P107217,C10,2019-04-01,9999-12-31
2033,P107226,C03,2019-04-01,9999-12-31
2034,P107231,C04,2019-04-01,9999-12-31
2035,P107242,C02,2019-04-01,9999-12-31
2036,P107246,C03,2019-04-01,9999-12-31
2037,P107253,C12,2019-04-01,9999-12-31
2038,P107264,C03,2019-04-01,9999-12-31
2039,P107266,C11,2019-04-01,9999-12-31
2040,P107278,C14,2019-04-01,9999-12-31
2041,P107282,C04,2019-04-01,9999-12-31
2042,P107292,C14,2019-04-01,9999-12-31
2043,P107294,C11,2019-04-01,9999-12-31
2044,P107301,C04,2019-04-01,9999-12-31
2045,P107308,C03,2019-04-01,9999-12-31
2046,P107320,C14,2019-04-01,9999-12-31
2047,P107327,C04,2019-04-01,9999-12-31
2048,P107330,C03,2019-04-01,9999-12-31
2049,P107337,C06,2019-04-01,9999-12-31
2050,P107346,C05,2019-04-01,9999-12-31
2051,P107354,C10,2019-04-01,9999-12-31
2052,P107362,C03,2019-04-01,9999-12-31
2053,P107365,C09,2019-04-01,9999-12-31
2054,P107373,C12,2019-04-01,9999-12-31
2055,P107381,C10,2019-04-01,9999-12-31
2056,P107385,C05,2019-04-01,9999-12-31
2057,P107393,C14,2019-04-01,9999-12-31
2058,P107400,C13,2019-04-01,9999-12-31
2059,P107409,C02,2019-04-01,9999-12-31
2060,P107414,C02,2019-04-01,9999-12-31
2061,P107422,C02,2019-04-01,9999-12-31
2062,P107432,C02,2019-04-01,9999-12-31
2063,P107435,C07,2019-04-01,9999-12-31
2064,P107446,C07,2019-04-01,9999-12-31
2065,P107449,C09,2019-04-01,9999-12-31
2066,P107458,C04,2019-04-01,9999-12-31
2067,P107463,C07,2019-04-01,9999-12-31
2068,P107472,C06,2019-04-01,9999-12-31
2069,P107477,C11,2019-04-01,9999-12-31
2070,P107488,C13,2019-04-01,9999-12-31
2071,P107495,C14,2019-04-01,9999-12-31
2072,P107502,C08,2019-04-01,9999-12-31
2073,P107508,C09,2019-04-01,9999-12-31
2074,P107516,C07,2019-04-01,9999-12-31
2075,P107520,C05,2019-04-01,9999-12-31
2076,P107526,C13,2019-04-01,9999-12-31
2077,P107536,C04,2019-04-01,9999-12-31
2078,P107542,C12,2019-04-01,9999-12-31
2079,P107549,C01,2019-04-01,9999-12-31
2080,P107555,C04,2019-04-01,9999-12-31
2081,P107564,C14,2019-04-01,9999-12-31
2082,P107568,C11,2019-04-01,9999-12-31
2083,P107575,C12,2019-04-01,9999-12-31
2084,P107581,C10,2019-04-01,9999-12-31
2085,P107589,C08,2019-04-01,9999-12-31
2086,P107597,C02,2019-04-01,9999-12-31
2087,P107605,C09,2019-04-01,9999-12-31
2088,P107609,C01,2019-04-01,9999-12-31
2089,P107621,C12,2019-04-01,9999-12-31
2090,P107623,C07,2019-04-01,9999-12-31
2091,P107630,C03,2019-04-01,9999-12-31
2092,P107639,C10,2019-04-01,9999-12-31
2093,P107646,C06,2019-04-01,9999-12-31
2094,P107654,C10,2019-04-01,9999-12-31
2095,P107662,C13,2019-04-01,9999-12-31
2096,P107667,C10,2019-04-01,9999-12-31
2097,P107676,C06,2019-04-01,9999-12-31
2098,P107681,C07,2019-04-01,9999-12-31
2099,P107686,C08,2019-04-01,9999-12-31
2100,P107695,C08,2019-04-01,9999-12-31
2101,P107705,C09,2019-04-01,9999-12-31
2102,P107708,C04,2019-04-01,9999-12-31
2103,P107715,C07,2019-04-01,9999-12-31
2104,P107721,C12,2019-04-01,9999-12-31
2105,P107733,C11,2019-04-01,9999-12-31
2106,P107740,C09,2019-04-01,9999-12-31
2107,P107743,C10,2019-04-01,9999-12-31
2108,P107753,C12,2019-04-01,9999-12-31
2109,P107759,C04,2019-04-01,9999-12-31
2110,P107767,C05,2019-04-01,9999-12-31
2111,P107775,C05,2019-04-01,9999-12-31
2112,P107777,C12,2019-04-01,9999-12-31
2113,P107784,C09,2019-04-01,9999-12-31
2114,P107795,C14,2019-04-01,9999-12-31
2115,P107799,C02,2019-04-01,9999-12-31
2116,P107807,C02,2019-04-01,9999-12-31
2117,P107815,C10,2019-04-01,9999-12-31
2118,P107822,C01,2019-04-01,9999-12-31
2119,P107826,C13,2019-04-01,2024-05-31
2120,P107837,C03,2019-04-01,9999-12-31
2121,P107843,C07,2019-04-01,9999-12-31
2122,P107848,C06,2019-04-01,9999-12-31
2123,P107859,C05,2019-04-01,9999-12-31
2124,P107863,C08,2019-04-01,9999-12-31
2125,P107872,C05,2019-04-01,9999-12-31
2126,P107880,C02,2019-04-01,9999-12-31
2127,P107884,C01,2019-04-01,9999-12-31
2128,P107890,C11,2019-04-01,9999-12-31
2129,P107899,C11,2019-04-01,9999-12-31
2130,P107903,C07,2019-04-01,2024-05-31
2131,P107914,C08,2019-04-01,9999-12-31
2132,P107920,C01,2019-04-01,9999-12-31
2133,P107925,C05,2019-04-01,9999-12-31
2134,P107933,C09,2019-04-01,9999-12-31
2135,P107943,C13,2019-04-01,9999-12-31
2136,P107946,C04,2019-04-01,9999-12-31
2137,P107952,C04,2019-04-01,9999-12-31
2138,P107960,C09,2019-04-01,9999-12-31
2139,P107966,C04,2019-04-01,9999-12-31
2140,P107973,C02,2019-04-01,9999-12-31
2141,P107984,C08,2019-04-01,9999-12-31
2142,P107989,C08,2019-04-01,9999-12-31
2143,P107996,C05,2019-04-01,9999-12-31
2144,P108001,C12,2019-04-01,9999-12-31
2145,P108008,C03,2019-04-01,9999-12-31
2146,P108017,C12,2019-04-01,9999-12-31
2147,P108026,C01,2019-04-01,9999-12-31
2148,P108032,C09,2019-04-01,9999-12-31
2149,P108041,C14,2019-04-01,9999-12-31
2150,P108046,C01,2019-04-01,9999-12-31
2151,P108050,C05,2019-04-01,9999-12-31
2152,P108060,C07,2019-04-01,9999-12-31
2153,P108067,C04,2019-04-01,9999-12-31
2154,P108076,C13,2019-04-01,9999-12-31
2155,P108082,C03,2019-04-01,9999-12-31
2156,P108090,C11,2019-04-01,9999-12-31
2157,P108097,C10,2019-04-01,9999-12-31
2158,P108101,C09,2019-04-01,9999-12-31
2159,P108110,C01,2019-04-01,9999-12-31
2160,P108118,C11,2019-04-01,9999-12-31
2161,P108125,C12,2019-04-01,9999-12-31
2162,P108131,C02,2019-04-01,9999-12-31
2163,P108135,C04,2019-04-01,9999-12-31
2164,P108144,C10,2019-04-01,9999-12-31
2165,P108149,C04,2019-04-01,9999-12-31
2166,P108159,C04,2019-04-01,9999-12-31
2167,P108162,C06,2019-04-01,9999-12-31
2168,P108174,C06,2019-04-01,9999-12-31
2169,P108179,C14,2019-04-01,9999-12-31
2170,P108186,C14,2019-04-01,9999-12-31
2171,P108191,C06,2019-04-01,9999-12-31
2172,P108200,C10,2019-04-01,9999-12-31
2173,P108206,C04,2019-04-01,2024-05-31
2174,P108216,C11,2019-04-01,9999-12-31
2175,P108221,C01,2019-04-01,9999-12-31
2176,P108227,C04,2019-04-01,9999-12-31
2177,P108234,C01,2019-04-01,9999-12-31
2178,P108239,C13,2019-04-01,9999-12-31
2179,P108247,C08,2019-04-01,9999-12-31
2180,P108258,C01,2019-04-01,9999-12-31
2181,P108262,C07,2019-04-01,9999-12-31
2182,P108272,C10,2019-04-01,9999-12-31
2183,P108275,C07,2019-04-01,9999-12-31
2184,P108282,C02,2019-04-01,9999-12-31
2185,P108292,C12,2019-04-01,9999-12-31
2186,P108300,C07,2019-04-01,9999-12-31
2187,P108302,C05,2019-04-01,9999-12-31
2188,P108313,C10,2019-04-01,9999-12-31
2189,P108319,C05,2019-04-01,9999-12-31
2190,P108326,C14,2019-04-01,9999-12-31
2191,P108335,C12,2019-04-01,9999-12-31
2192,P108338,C13,2019-04-01,9999-12-31
2193,P108346,C02,2019-04-01,9999-12-31
2194,P108356,C14,2019-04-01,9999-12-31
2195,P108361,C04,2019-04-01,9999-12-31
2196,P108369,C03,2019-04-01,9999-12-31
2197,P108374,C04,2019-04-01,9999-12-31
2198,P108379,C10,2019-04-01,9999-12-31
2199,P108389,C05,2019-04-01,9999-12-31
2200,P108397,C10,2019-04-01,9999-12-31
2201,P102931,C12,2024-06-01,9999-12-31
2202,P105860,C05,2024-06-01,9999-12-31
2203,P102738,C10,2024-06-01,9999-12-31
2204,P105413,C14,2024-06-01,9999-12-31
2205,P100784,C14,2024-06-01,9999-12-31
2206,P101359,C13,2024-06-01,9999-12-31
2207,P102042,C09,2024-06-01,9999-12-31
2208,P101004,C02,2024-06-01,9999-12-31
2209,P102409,C03,2024-06-01,9999-12-31
2210,P107903,C01,2024-06-01,9999-12-31
2211,P105092,C07,2024-06-01,9999-12-31
2212,P102184,C08,2024-06-01,9999-12-31
2213,P100621,C13,2024-06-01,9999-12-31
2214,P104112,C06,2024-06-01,9999-12-31
2215,P104708,C02,2024-06-01,9999-12-31
2216,P104725,C07,2024-06-01,9999-12-31
2217,P108206,C12,2024-06-01,9999-12-31
2218,P105562,C08,2024-06-01,9999-12-31
2219,P106399,C11,2024-06-01,9999-12-31
2220,P102845,C06,2024-06-01,9999-12-31
2221,P107072,C12,2024-06-01,9999-12-31
2222,P106009,C14,2024-06-01,9999-12-31
2223,P102549,C12,2024-06-01,9999-12-31
2224,P107826,C10,2024-06-01,9999-12-31
